{
  "K": [
    [
      3072.0,
      0.0,
      1536.0
    ],
    [
      0.0,
      3072.0,
      1152.0
    ],
    [
      0.0,
      0.0,
      1.0
    ]
  ],
  "camera_poses": {
    "0": {
      "R": [
        [
          0.9940544046508081,
          -0.045488042574308114,
          0.09892764313924297
        ],
        [
          0.04457416924498172,
          0.9989406923023119,
          0.011429641232230952
        ],
        [
          -0.09934276033233223,
          -0.0069520677021819004,
          0.9950289868763709
        ]
      ],
      "t": [
        -0.5219201283950906,
        -0.725361752987968,
        0.034887433823427925
      ]
    },
    "1": {
      "R": [
        [
          0.9955673725359406,
          0.007247786650644206,
          0.09377140465275223
        ],
        [
          -0.005985384904885503,
          0.9998877314449311,
          -0.01373679997123232
        ],
        [
          -0.09386043846809915,
          0.01311465190449305,
          0.995498982418365
        ]
      ],
      "t": [
        -0.609609667710885,
        -0.6611771782600463,
        -0.03628338278038061
      ]
    },
    "2": {
      "R": [
        [
          0.981917598788396,
          0.029355692793567326,
          0.18701890944565036
        ],
        [
          -0.013853854265298298,
          0.9963977803293091,
          -0.08366321818350983
        ],
        [
          -0.18880121798237043,
          0.07955945358934657,
          0.9787872053888619
        ]
      ],
      "t": [
        -1.4991781170431036,
        -0.09767390954544179,
        -0.15561064978647124
      ]
    },
    "3": {
      "R": [
        [
          0.9059686524514577,
          0.029287135737436944,
          0.42233051565756735
        ],
        [
          0.04971221129487754,
          0.9833424554822121,
          -0.17483223757187058
        ],
        [
          -0.4204158617648283,
          0.1793875105087043,
          0.8894215110115261
        ]
      ],
      "t": [
        -2.94243473935011,
        0.290543051173135,
        0.37219485529702534
      ]
    }
  },
  "image_names": [
    "P1180141.JPG",
    "P1180142.JPG",
    "P1180143.JPG",
    "P1180144.JPG",
    "P1180145.JPG",
    "P1180146.JPG",
    "P1180147.JPG",
    "P1180148.JPG",
    "P1180149.JPG",
    "P1180150.JPG",
    "P1180151.JPG",
    "P1180152.JPG",
    "P1180153.JPG",
    "P1180154.JPG",
    "P1180155.JPG",
    "P1180156.JPG",
    "P1180157.JPG",
    "P1180158.JPG",
    "P1180159.JPG",
    "P1180160.JPG",
    "P1180161.JPG",
    "P1180162.JPG",
    "P1180163.JPG",
    "P1180164.JPG",
    "P1180165.JPG",
    "P1180166.JPG",
    "P1180167.JPG",
    "P1180168.JPG",
    "P1180169.JPG",
    "P1180170.JPG",
    "P1180171.JPG",
    "P1180172.JPG",
    "P1180173.JPG",
    "P1180174.JPG",
    "P1180175.JPG",
    "P1180176.JPG",
    "P1180177.JPG",
    "P1180178.JPG",
    "P1180179.JPG",
    "P1180180.JPG",
    "P1180181.JPG",
    "P1180182.JPG",
    "P1180183.JPG",
    "P1180184.JPG",
    "P1180185.JPG",
    "P1180186.JPG",
    "P1180187.JPG",
    "P1180188.JPG",
    "P1180189.JPG",
    "P1180190.JPG",
    "P1180191.JPG",
    "P1180192.JPG",
    "P1180193.JPG",
    "P1180194.JPG",
    "P1180195.JPG",
    "P1180196.JPG",
    "P1180197.JPG",
    "P1180198.JPG",
    "P1180199.JPG",
    "P1180200.JPG",
    "P1180201.JPG",
    "P1180202.JPG",
    "P1180203.JPG",
    "P1180204.JPG",
    "P1180205.JPG",
    "P1180206.JPG",
    "P1180207.JPG",
    "P1180208.JPG",
    "P1180209.JPG",
    "P1180210.JPG",
    "P1180211.JPG",
    "P1180212.JPG",
    "P1180213.JPG",
    "P1180214.JPG",
    "P1180215.JPG",
    "P1180216.JPG",
    "P1180217.JPG",
    "P1180218.JPG",
    "P1180219.JPG",
    "P1180220.JPG",
    "P1180221.JPG",
    "P1180222.JPG",
    "P1180223.JPG",
    "P1180224.JPG",
    "P1180225.JPG",
    "P1180305.JPG",
    "P1180306.JPG",
    "P1180307.JPG",
    "P1180308.JPG",
    "P1180309.JPG",
    "P1180310.JPG",
    "P1180311.JPG",
    "P1180312.JPG",
    "P1180313.JPG",
    "P1180314.JPG",
    "P1180315.JPG",
    "P1180316.JPG",
    "P1180317.JPG",
    "P1180318.JPG",
    "P1180319.JPG",
    "P1180320.JPG",
    "P1180321.JPG",
    "P1180322.JPG",
    "P1180323.JPG",
    "P1180324.JPG",
    "P1180325.JPG",
    "P1180326.JPG",
    "P1180327.JPG",
    "P1180328.JPG",
    "P1180329.JPG",
    "P1180330.JPG",
    "P1180331.JPG",
    "P1180332.JPG",
    "P1180333.JPG",
    "P1180334.JPG",
    "P1180335.JPG",
    "P1180336.JPG",
    "P1180337.JPG",
    "P1180338.JPG",
    "P1180339.JPG",
    "P1180340.JPG",
    "P1180341.JPG",
    "P1180342.JPG",
    "P1180343.JPG",
    "P1180344.JPG",
    "P1180345.JPG",
    "P1180346.JPG",
    "P1180347.JPG"
  ],
  "optimization": {
    "initial_cost": 30367796.28869552,
    "final_cost": 1143082.3200436623,
    "improvement": 29224713.96865186
  }
}