{
  "K": [
    [
      3072.0,
      0.0,
      1536.0
    ],
    [
      0.0,
      3072.0,
      1152.0
    ],
    [
      0.0,
      0.0,
      1.0
    ]
  ],
  "camera_poses": {
    "0": {
      "R": [
        [
          1.0,
          0.0,
          0.0
        ],
        [
          0.0,
          1.0,
          0.0
        ],
        [
          0.0,
          0.0,
          1.0
        ]
      ],
      "t": [
        [
          0.0
        ],
        [
          0.0
        ],
        [
          0.0
        ]
      ],
      "image_name": "P1180141.JPG"
    },
    "1": {
      "R": [
        [
          0.999407327640363,
          0.028996137841547767,
          0.018553098097662257
        ],
        [
          -0.028926978034211792,
          0.9995735827657374,
          -0.003985295306036175
        ],
        [
          -0.018660744908917393,
          0.003446248270526295,
          0.9998199337742283
        ]
      ],
      "t": [
        [
          -0.8984669179052388
        ],
        [
          -0.1264509849354361
        ],
        [
          -0.4204370890379663
        ]
      ],
      "image_name": "P1180142.JPG"
    },
    "2": {
      "R": [
        [
          0.9991967101913425,
          0.03230599059875374,
          0.023711965634074194
        ],
        [
          -0.03257396428296102,
          0.9994087582038026,
          0.011003221184067678
        ],
        [
          -0.023342476168792824,
          -0.011766775130271273,
          0.999658277517544
        ]
      ],
      "t": [
        [
          -1.2455306583744936
        ],
        [
          -0.4853813312572801
        ],
        [
          -0.4091337614089455
        ]
      ],
      "image_name": "P1180143.JPG"
    },
    "3": {
      "R": [
        [
          0.9898856054859921,
          0.03324851022306737,
          0.13791673074568273
        ],
        [
          -0.029115029488122744,
          0.9990675156816142,
          -0.03188125103682824
        ],
        [
          -0.1388481296580415,
          0.027543341803675583,
          0.9899305840374615
        ]
      ],
      "t": [
        [
          -3.218145306464703
        ],
        [
          -0.3681223376685589
        ],
        [
          -1.329702111562511
        ]
      ],
      "image_name": "P1180144.JPG"
    }
  },
  "image_names": [
    "P1180141.JPG",
    "P1180142.JPG",
    "P1180143.JPG",
    "P1180144.JPG",
    "P1180145.JPG",
    "P1180146.JPG",
    "P1180147.JPG",
    "P1180148.JPG",
    "P1180149.JPG",
    "P1180150.JPG",
    "P1180151.JPG",
    "P1180152.JPG",
    "P1180153.JPG",
    "P1180154.JPG",
    "P1180155.JPG",
    "P1180156.JPG",
    "P1180157.JPG",
    "P1180158.JPG",
    "P1180159.JPG",
    "P1180160.JPG",
    "P1180161.JPG",
    "P1180162.JPG",
    "P1180163.JPG",
    "P1180164.JPG",
    "P1180165.JPG",
    "P1180166.JPG",
    "P1180167.JPG",
    "P1180168.JPG",
    "P1180169.JPG",
    "P1180170.JPG",
    "P1180171.JPG",
    "P1180172.JPG",
    "P1180173.JPG",
    "P1180174.JPG",
    "P1180175.JPG",
    "P1180176.JPG",
    "P1180177.JPG",
    "P1180178.JPG",
    "P1180179.JPG",
    "P1180180.JPG",
    "P1180181.JPG",
    "P1180182.JPG",
    "P1180183.JPG",
    "P1180184.JPG",
    "P1180185.JPG",
    "P1180186.JPG",
    "P1180187.JPG",
    "P1180188.JPG",
    "P1180189.JPG",
    "P1180190.JPG",
    "P1180191.JPG",
    "P1180192.JPG",
    "P1180193.JPG",
    "P1180194.JPG",
    "P1180195.JPG",
    "P1180196.JPG",
    "P1180197.JPG",
    "P1180198.JPG",
    "P1180199.JPG",
    "P1180200.JPG",
    "P1180201.JPG",
    "P1180202.JPG",
    "P1180203.JPG",
    "P1180204.JPG",
    "P1180205.JPG",
    "P1180206.JPG",
    "P1180207.JPG",
    "P1180208.JPG",
    "P1180209.JPG",
    "P1180210.JPG",
    "P1180211.JPG",
    "P1180212.JPG",
    "P1180213.JPG",
    "P1180214.JPG",
    "P1180215.JPG",
    "P1180216.JPG",
    "P1180217.JPG",
    "P1180218.JPG",
    "P1180219.JPG",
    "P1180220.JPG",
    "P1180221.JPG",
    "P1180222.JPG",
    "P1180223.JPG",
    "P1180224.JPG",
    "P1180225.JPG",
    "P1180305.JPG",
    "P1180306.JPG",
    "P1180307.JPG",
    "P1180308.JPG",
    "P1180309.JPG",
    "P1180310.JPG",
    "P1180311.JPG",
    "P1180312.JPG",
    "P1180313.JPG",
    "P1180314.JPG",
    "P1180315.JPG",
    "P1180316.JPG",
    "P1180317.JPG",
    "P1180318.JPG",
    "P1180319.JPG",
    "P1180320.JPG",
    "P1180321.JPG",
    "P1180322.JPG",
    "P1180323.JPG",
    "P1180324.JPG",
    "P1180325.JPG",
    "P1180326.JPG",
    "P1180327.JPG",
    "P1180328.JPG",
    "P1180329.JPG",
    "P1180330.JPG",
    "P1180331.JPG",
    "P1180332.JPG",
    "P1180333.JPG",
    "P1180334.JPG",
    "P1180335.JPG",
    "P1180336.JPG",
    "P1180337.JPG",
    "P1180338.JPG",
    "P1180339.JPG",
    "P1180340.JPG",
    "P1180341.JPG",
    "P1180342.JPG",
    "P1180343.JPG",
    "P1180344.JPG",
    "P1180345.JPG",
    "P1180346.JPG",
    "P1180347.JPG"
  ]
}